{"cameraMode":{"drawMode":0,"name":"Shaded","section":"Shading Mode"},"sceneLighting":false,"audioPlay":false,"sceneViewState":{"showFog":true,"showMaterialUpdate":false,"showSkybox":false,"showFlares":true,"showImageEffects":true,"showParticleSystems":true},"in2DMode":false,"pivot":{"x":38.91514587402344,"y":20.656644821166993,"z":6.656867027282715},"rotation":{"x":0.003362565767019987,"y":-0.6645482778549194,"z":0.0029904877301305534,"w":0.7472317814826965},"size":3.5949666500091554,"orthographic":false}