{"cameraMode":{"drawMode":0,"name":"Shaded","section":"Shading Mode"},"sceneLighting":true,"audioPlay":false,"sceneViewState":{"showFog":true,"showMaterialUpdate":false,"showSkybox":true,"showFlares":true,"showImageEffects":true,"showParticleSystems":true},"in2DMode":false,"pivot":{"x":9.12685775756836,"y":0.21094360947608949,"z":44.270477294921878},"rotation":{"x":0.2378653734922409,"y":0.716850221157074,"z":-0.29014936089515688,"w":0.5876737833023071},"size":162.32264709472657,"orthographic":true}